ts,0x49,0x57,0x58,0x59,0x62,0x63,0x87,0x95,0xB0,0xB1,0xB2,0xB3,0xB7,0xBA,tctl,fan1
11:29:20,59,70,70,57,0,0,233,48,80,6,158,4,56,1,70875,1593
11:29:25,59,71,70,56,0,0,233,48,63,6,199,4,56,1,71375,1599
11:29:30,59,71,70,57,0,0,234,48,37,6,188,4,56,1,71375,1573
11:29:35,59,71,71,57,0,0,233,48,37,6,154,4,56,1,71375,1573
11:29:40,59,71,71,57,0,0,233,48,50,6,160,4,56,1,71625,1586
11:29:45,59,71,71,57,0,0,233,48,50,6,199,4,57,1,71625,1586
11:29:50,59,71,71,57,0,0,233,48,54,6,203,4,57,1,71625,1590
11:29:55,59,71,71,57,0,0,233,48,77,6,194,4,57,1,71875,1613
11:30:01,59,71,71,57,0,0,233,48,80,6,158,4,57,1,71750,1616
11:30:06,59,71,71,57,0,0,233,48,63,6,212,4,57,1,71625,1599
11:30:11,59,72,71,57,0,0,233,48,55,6,187,4,57,1,72125,1591
11:30:16,59,71,71,57,0,0,233,48,52,6,156,4,57,1,71500,1588
