ts,epoch,stapm_limit,stapm_value,ppt_fast_value,ppt_slow_value,cur_freq,tctl,fan1,fan2
20:25:50,1790281550,28.000,11.582,7.952,12.762,2146073,70250,1615,847
20:25:51,1790281551,28.000,11.556,8.274,11.184,2146064,69375,1578,856
20:25:52,1790281552,28.000,11.543,8.371,10.604,2146101,68500,1587,864
20:25:53,1790281553,28.000,11.530,7.142,10.122,2146081,67750,1621,912
20:25:54,1790281554,28.000,11.516,8.595,9.704,2146098,67000,1570,896
20:25:55,1790281555,28.000,11.509,7.899,9.522,2146074,66375,1570,915
20:25:56,1790281556,28.000,11.497,8.917,9.273,3169233,66000,1609,856
20:25:57,1790281557,28.000,11.489,13.900,9.547,3169192,65875,1616,867
20:25:58,1790281558,28.000,11.487,10.276,9.609,3169209,65750,1320,857
20:25:59,1790281559,28.000,11.482,10.297,9.731,3169204,65625,1358,863
20:26:00,1790281560,28.000,11.478,10.548,9.859,3169222,65500,1395,865
20:26:01,1790281561,28.000,11.486,10.564,10.017,3169224,65375,1370,915
20:26:03,1790281563,28.000,11.471,14.547,10.255,3169230,65500,1345,932
20:26:04,1790281564,28.000,11.470,10.771,10.306,3169221,65375,1385,896
20:26:05,1790281565,28.000,11.466,10.533,10.350,3169225,65375,1391,915
20:26:06,1790281566,28.000,11.463,10.605,10.406,3169208,65375,1354,858
20:26:07,1790281567,28.000,11.459,10.952,10.433,3169242,65375,1356,856
20:26:08,1790281568,28.000,11.457,10.482,10.526,3169229,65375,1396,863
20:26:09,1790281569,28.000,11.453,10.663,10.531,3169178,65250,1372,866
20:26:10,1790281570,28.000,11.447,12.673,10.525,3169221,65250,1339,864
20:26:11,1790281571,28.000,11.444,12.872,10.541,3169174,65250,1362,932
20:26:12,1790281572,28.000,11.443,14.801,10.701,3169197,65375,1392,895
20:26:13,1790281573,28.000,11.441,10.765,10.699,3169235,65250,1357,915
20:26:14,1790281574,28.000,11.439,10.848,10.719,3169207,65250,1344,858
20:26:15,1790281575,28.000,11.429,13.294,10.468,3168273,65000,1389,868
20:26:16,1790281576,28.000,11.415,8.002,9.966,1821823,64500,1374,864
